index,Link,Lamp Type,Voltage [V],Rated Power [W],Socket Type,Item number,Manufacturer,EAN number,Condition,Compatibility
1,https://www.autodoc.co.uk/magneti-marelli/1823825,W5W,24,5,"W2,1x9,5d",3922100000,MAGNETI MARELLI,8001063279329,New,"MERCEDES-BENZ: MERCEDES-BENZ Vario Minibus (Year of Construction 09.1996 - ...), MERCEDES-BENZ Vario Box Body / Estate (Year of Construction 09.1996 - ...), MERCEDES-BENZ Vario Dumptruck (Year of Construction 09.1996 - ...), MERCEDES-BENZ Vario Platform / Chassis (Year of Construction 09.1996 - ...), MERCEDES-BENZ Vario Cab with engine (Year of Construction 09.1996 - ...) | MERCEDES-BENZ: MERCEDES-BENZ ATEGO (Year of Construction 01.1998 - 10.2004), MERCEDES-BENZ AXOR (Year of Construction 11.2001 - 12.2005), MERCEDES-BENZ ACTROS MP2 / MP3 (Year of Construction 10.2002 - ...), MERCEDES-BENZ ATEGO 2 (Year of Construction 01.2004 - ...), MERCEDES-BENZ AXOR 2 (Year of Construction 10.2004 - ...), MERCEDES-BENZ ZETROS (Year of Construction 09.2008 - ...), MERCEDES-BENZ ACTROS MP4 / MP5 (Year of Construction 07.2011 - ...)"
2,https://www.autodoc.co.uk/magneti-marelli/7975891,P21W,24,21,BA15s,8561100000,MAGNETI MARELLI,8001063304373,New,"MERCEDES-BENZ: MERCEDES-BENZ T1 Platform/Chassis (W602) (Year of Construction 01.1977 - 02.1996), MERCEDES-BENZ Citaro (O 530) (Year of Construction 01.1998 - ...), MERCEDES-BENZ T2/LN1 Minibus (Year of Construction 07.1987 - 12.1992), MERCEDES-BENZ T2/LN1 Box Body / Estate (Year of Construction 04.1986 - 12.1994), MERCEDES-BENZ T2/LN1 Dumptruck (Year of Construction 04.1986 - 12.1994), MERCEDES-BENZ T2/LN1 Platform/Chassis (Year of Construction 04.1986 - 12.1994), MERCEDES-BENZ T2/LN1 Cab with engine (Year of Construction 04.1986 - 12.1994), MERCEDES-BENZ T1/TN Box Body / Estate (Year of Construction 07.1981 - 06.1995), MERCEDES-BENZ T1/TN Platform/Chassis (Year of Construction 07.1981 - 06.1995), MERCEDES-BENZ Vario Minibus (Year of Construction 09.1996 - ...), MERCEDES-BENZ Vario Box Body / Estate (Year of Construction 09.1996 - ...), MERCEDES-BENZ Vario Dumptruck (Year of Construction 09.1996 - ...), MERCEDES-BENZ Vario Platform / Chassis (Year of Construction 09.1996 - ...), MERCEDES-BENZ Vario Cab with engine (Year of Construction 09.1996 - ...) | MERCEDES-BENZ: MERCEDES-BENZ ACTROS (Year of Construction 04.1996 - ...), MERCEDES-BENZ ATEGO (Year of Construction 01.1998 - 10.2004), MERCEDES-BENZ LP (Year of Construction 09.1963 - ...), MERCEDES-BENZ LK/LN2 (Year of Construction 01.1984 - 12.2011), MERCEDES-BENZ MK (Year of Construction 12.1987 - 12.2005), MERCEDES-BENZ SK (Year of Construction 07.1987 - ...), MERCEDES-BENZ T2/L (Year of Construction 01.1972 - ...), MERCEDES-BENZ NG (Year of Construction 08.1973 - 03.1998), MERCEDES-BENZ ECONIC (Year of Construction 01.1998 - ...), MERCEDES-BENZ UNIMOG (Year of Construction 01.1955 - ...), MERCEDES-BENZ AXOR (Year of Construction 11.2001 - 12.2005), MERCEDES-BENZ ACTROS MP2 / MP3 (Year of Construction 10.2002 - ...), MERCEDES-BENZ ATEGO 2 (Year of Construction 01.2004 - ...), MERCEDES-BENZ AXOR 2 (Year of Construction 10.2004 - ...), MERCEDES-BENZ ZETROS (Year of Construction 09.2008 - ...), MERCEDES-BENZ ACTROS MP4 / MP5 (Year of Construction 07.2011 - ...) | VOLVO: VOLVO FLC (Year of Construction 09.1996 - 09.2000), VOLVO FH 12 (Year of Construction 08.1993 - ...), VOLVO FM 7 (Year of Construction 08.1998 - 12.2001), VOLVO FH 16 (Year of Construction 08.1993 - ...), VOLVO FM 12 (Year of Construction 08.1998 - 09.2005), VOLVO FL 6 (Year of Construction 09.1985 - 03.2000), VOLVO FL 10 (Year of Construction 09.1985 - 09.1998), VOLVO FL 7 (Year of Construction 09.1985 - 09.1998), VOLVO FL 12 (Year of Construction 09.1995 - 09.1998), VOLVO F 10 (Year of Construction 08.1977 - 12.1994), VOLVO F 12 (Year of Construction 08.1977 - 12.1994), VOLVO F 16 (Year of Construction 01.1988 - 12.1994), VOLVO F 4 (Year of Construction 09.1975 - 02.1986), VOLVO F 6 (Year of Construction 03.1975 - 10.1986), VOLVO FL 4 (Year of Construction 02.1986 - 10.1989), VOLVO NH 12 (Year of Construction 01.1998 - ...), VOLVO FS 7 (Year of Construction 09.1994 - 03.1996), VOLVO FM 10 (Year of Construction 04.1999 - 09.2003), VOLVO FM 9 (Year of Construction 12.2001 - 09.2005), VOLVO N 10 (Year of Construction 01.1973 - 12.1998), VOLVO N 7 (Year of Construction 01.1973 - 09.1980), VOLVO FL (Year of Construction 03.2000 - ...), VOLVO FM (Year of Construction 09.2005 - ...), VOLVO FE (Year of Construction 05.2006 - ...), VOLVO FL II (Year of Construction 05.2006 - ...), VOLVO FMX (Year of Construction 04.2010 - ...) | VW: VW L 80 (Year of Construction 07.1995 - 12.2000)"
3,https://www.autodoc.co.uk/magneti-marelli/1823827,R10W,12,10,BA15s,4008100000,MAGNETI MARELLI,8001063279343,New,"AUDI: AUDI A3 Hatchback (8P1) (Year of Construction 05.2003 - 08.2012) | FIAT: FIAT Punto II Hatchback (188) (Year of Construction 09.1999 - 07.2012), FIAT Croma II Estate (194) (Year of Construction 06.2005 - ...), FIAT 500 Hatchback (312) (Year of Construction 10.2007 - ...) | SEAT: SEAT Altea (5P1) (Year of Construction 03.2004 - ...), SEAT Ibiza IV Hatchback (6J5, 6P1) (Year of Construction 03.2008 - 12.2017)"
4,https://www.autodoc.co.uk/magneti-marelli/7699536,T4W,12,4,BA9s,2893100000,MAGNETI MARELLI,8001063279251,New,"AUDI: AUDI 80 B4 Saloon (8C2) (Year of Construction 09.1991 - 12.1994), AUDI 80 B4 Avant (8C5) (Year of Construction 09.1991 - 01.1996), AUDI 100 C3 Saloon (44, 44Q) (Year of Construction 08.1982 - 07.1991), AUDI 100 C4 Saloon (4A2) (Year of Construction 12.1990 - 07.1994), AUDI 80 B2 (81, 85) (Year of Construction 08.1978 - 12.1986), AUDI 100 C3 Avant (44, 44Q) (Year of Construction 08.1982 - 11.1990), AUDI 80 B3 (89, 89Q, 8A) (Year of Construction 06.1986 - 10.1991), AUDI 100 C4 Avant (4A5) (Year of Construction 12.1990 - 07.1994), AUDI 90 B2 (81, 85) (Year of Construction 08.1984 - 03.1987), AUDI 90 B3 (89, 89Q, 8A) (Year of Construction 04.1987 - 09.1991), AUDI 200 C3 Saloon (44, 44Q) (Year of Construction 06.1983 - 12.1991), AUDI Coupe B2 (81, 85) (Year of Construction 07.1980 - 10.1988), AUDI Coupe B3 (89, 8B) (Year of Construction 10.1988 - 12.1996), AUDI A4 B5 Saloon (8D2) (Year of Construction 11.1994 - 09.2001), AUDI A6 C4 Saloon (4A2) (Year of Construction 06.1994 - 10.1997), AUDI Cabriolet B4 (8G7) (Year of Construction 05.1991 - 08.2000), AUDI V8 (441, 442, 4C2, 4C8) (Year of Construction 10.1988 - 02.1994), AUDI A6 C4 Avant (4A5) (Year of Construction 06.1994 - 12.1997), AUDI A4 B5 Avant (8D5) (Year of Construction 11.1994 - 09.2001), AUDI A3 Sportback (8PA) (Year of Construction 09.2004 - 03.2013) | BMW: BMW 3 Saloon (E30) (Year of Construction 09.1982 - 03.1992), BMW 3 Touring (E30) (Year of Construction 07.1987 - 10.1994), BMW 3 Convertible (E30) (Year of Construction 12.1985 - 10.1993), BMW 5 Saloon (E28) (Year of Construction 06.1980 - 12.1987), BMW 6 Coupe (E24) (Year of Construction 10.1975 - 04.1989), BMW 7 (E23) (Year of Construction 05.1977 - 04.1988) | FORD: FORD Escort Mk3 Hatchback (GAA) (Year of Construction 09.1980 - 07.1986), FORD Escort Mk3 Estate (AWA) (Year of Construction 09.1980 - 12.1985), FORD Escort Mk5 Hatchback (AAL, ABL) (Year of Construction 06.1989 - 12.1992), FORD Capri III (GECP) (Year of Construction 01.1978 - 04.1987) | MERCEDES-BENZ: MERCEDES-BENZ W124 Coupe (C124) (Year of Construction 03.1987 - 05.1993), MERCEDES-BENZ W124 Saloon (W124) (Year of Construction 12.1984 - 08.1993), MERCEDES-BENZ W124 Estate (S124) (Year of Construction 09.1985 - 07.1993), MERCEDES-BENZ 190 (W201) (Year of Construction 10.1982 - 08.1993), MERCEDES-BENZ G-Class Off-Road (W460) (Year of Construction 03.1979 - 08.1993), MERCEDES-BENZ G-Class Off-Road (W463) (Year of Construction 09.1989 - ...), MERCEDES-BENZ W124 Convertible (A124) (Year of Construction 09.1991 - 06.1993), MERCEDES-BENZ E-Class Saloon (W124) (Year of Construction 02.1993 - 06.1996), MERCEDES-BENZ E-Class T-modell (S124) (Year of Construction 06.1993 - 06.1996), MERCEDES-BENZ MB 100 Minibus (W631) (Year of Construction 02.1988 - 04.1996), MERCEDES-BENZ T1 Minibus (W602) (Year of Construction 04.1977 - 02.1996), MERCEDES-BENZ G-Class Off-Road Cabrio (W463) (Year of Construction 09.1989 - ...), MERCEDES-BENZ MB 100 Van (W631) (Year of Construction 02.1988 - 04.1996), MERCEDES-BENZ E-Class Coupe (C124) (Year of Construction 06.1993 - 06.1997), MERCEDES-BENZ E-Class Convertible (A124) (Year of Construction 05.1993 - 03.1998), MERCEDES-BENZ G-Class Off-Road (W461) (Year of Construction 09.1989 - ...), MERCEDES-BENZ MB 100 Platform/Chassis (W631) (Year of Construction 02.1988 - 02.1996), MERCEDES-BENZ O309 Minibus (Year of Construction 01.1968 - 02.1989) | PEUGEOT: PEUGEOT 306 Hatchback (Year of Construction 01.1993 - 10.2003), PEUGEOT 306 Convertible (Year of Construction 01.1994 - 04.2002), PEUGEOT 306 Saloon (Year of Construction 04.1993 - 10.2003), PEUGEOT 405 II Estate (4E) (Year of Construction 08.1992 - 10.1998), PEUGEOT 405 II Saloon (4B) (Year of Construction 01.1992 - 11.1999), PEUGEOT Boxer Minibus (230) (Year of Construction 03.1994 - 04.2002), PEUGEOT 605 Saloon (Year of Construction 06.1989 - 09.1999), PEUGEOT Boxer Van (230) (Year of Construction 03.1994 - 06.2003), PEUGEOT 309 II Hatchback (Year of Construction 07.1989 - 12.1993), PEUGEOT Boxer Platform / Chassis (230) (Year of Construction 03.1994 - 04.2002), PEUGEOT 205 F Van (Year of Construction 03.1994 - 05.1997) | RENAULT: RENAULT 11 Hatchback (Year of Construction 03.1983 - 09.1995), RENAULT 18 Saloon (Year of Construction 04.1978 - 11.1994), RENAULT 25 Hatchback (Year of Construction 04.1984 - 12.1993), RENAULT 9 Saloon (L42_) (Year of Construction 09.1981 - 02.1997), RENAULT Laguna II Hatchback (BG) (Year of Construction 03.2001 - 12.2007), RENAULT Laguna II Sport Tourer (KG) (Year of Construction 03.2001 - 12.2007), RENAULT Trafic II Minibus (JL) (Year of Construction 03.2001 - ...), RENAULT Trafic II Van (FL) (Year of Construction 03.2001 - ...), RENAULT Vel Satis Hatchback (Year of Construction 06.2002 - ...), RENAULT Espace IV (JK) (Year of Construction 11.2002 - ...), RENAULT Trafic II Platform/Chassis (EL) (Year of Construction 03.2001 - ...) | TOYOTA: TOYOTA Corolla Verso (AR10) (Year of Construction 03.2004 - 04.2009) | VAUXHALL: VAUXHALL Combo Mk1 (B) Van (S93) (Year of Construction 07.1994 - 10.2001), VAUXHALL VX220 Convertible (E01) (Year of Construction 09.2000 - 07.2005), VAUXHALL Vivaro Minibus (J7) (Year of Construction 08.2001 - 07.2014), VAUXHALL Vivaro Van (X83) (Year of Construction 08.2001 - 07.2014), VAUXHALL Vivaro Platform / Chassis (X83) (Year of Construction 04.2003 - 07.2014) | VOLVO: VOLVO 940 I Saloon (944) (Year of Construction 08.1990 - 03.1995), VOLVO 940 II Saloon (944) (Year of Construction 08.1994 - 12.1998), VOLVO 940 II Estate (945) (Year of Construction 08.1994 - 10.1998), VOLVO 960 I Saloon (964) (Year of Construction 08.1990 - 07.1994), VOLVO 960 II Saloon (964) (Year of Construction 07.1994 - 12.1996), VOLVO 960 II Estate (965) (Year of Construction 07.1994 - 12.1996), VOLVO 960 I Estate (965) (Year of Construction 08.1990 - 07.1994), VOLVO 460 L (464) (Year of Construction 09.1988 - 12.1996), VOLVO S40 I (VS, 644) (Year of Construction 07.1995 - 12.2004), VOLVO V40 Estate (VW, 645) (Year of Construction 07.1995 - 06.2004), VOLVO 440 K (445) (Year of Construction 08.1988 - 12.1996), VOLVO 940 I Estate (945) (Year of Construction 08.1990 - 10.1995)"
5,https://www.autodoc.co.uk/magneti-marelli/14452218,,12,2,BA9s,3922300000,MAGNETI MARELLI,8001063842455,New,
6,https://www.autodoc.co.uk/magneti-marelli/7528660,W5W,12,5,"W2,1x9,5d",3921100000,MAGNETI MARELLI,8001063279312,New,"AUDI: AUDI A4 B6/B7 Convertible (8H7, 8HE) (Year of Construction 04.2002 - 03.2009), AUDI A4 B7 Saloon (8EC) (Year of Construction 11.2004 - 06.2008), AUDI A4 B7 Avant (8ED) (Year of Construction 11.2004 - 06.2008), AUDI TT Coupe (8J3) (Year of Construction 08.2006 - 06.2014), AUDI TT Roadster (8J9) (Year of Construction 03.2007 - 06.2014) | BMW: BMW 5 Saloon (E34) (Year of Construction 12.1987 - 11.1995), BMW 3 Coupe (E46) (Year of Construction 02.1999 - 07.2006), BMW 3 Convertible (E46) (Year of Construction 04.2000 - 12.2007), BMW X3 (E83) (Year of Construction 01.2003 - 12.2011), BMW 3 Saloon (E90) (Year of Construction 02.2004 - 12.2011), BMW 3 Coupe (E92) (Year of Construction 01.2005 - 12.2013), BMW 3 Convertible (E93) (Year of Construction 05.2006 - 12.2013) | CITROEN: CITROËN C6 Saloon (Year of Construction 09.2005 - 12.2012), CITROËN Nemo Van (Year of Construction 02.2008 - ...), CITROËN Nemo Estate (Year of Construction 04.2009 - ...) | FORD: FORD Fiesta Mk5 Hatchback (JH1, JD1, JH3, JD3) (Year of Construction 11.2001 - 03.2010), FORD Tourneo Connect Mk1 (Year of Construction 06.2002 - 12.2013), FORD Transit Connect Mk1 Van (Year of Construction 06.2002 - ...), FORD Transit Mk6 Minibus (V347, V348) (Year of Construction 04.2006 - 12.2014), FORD Transit Mk6 Van (V347, V348) (Year of Construction 04.2006 - 12.2014), FORD Transit Mk6 Caja / Chasis (V347, V348) (Year of Construction 04.2006 - 08.2014), FORD Fiesta Mk5 Van (Year of Construction 10.2003 - 12.2010), FORD KA Hatchback (RU8) (Year of Construction 10.2008 - 05.2016), FORD KA Hatchback (Year of Construction 01.2008 - ...) | HONDA: HONDA Civic VII Hatchback (EU, EP, EV) (Year of Construction 03.1999 - 02.2006), HONDA Civic VII Saloon (ES, ET) (Year of Construction 10.2000 - 04.2006), HONDA Civic VIII Hatchback (FN, FK) (Year of Construction 09.2005 - ...), HONDA Civic VIII Saloon (FD, FA) (Year of Construction 09.2005 - ...) | MERCEDES-BENZ: MERCEDES-BENZ SL Convertible (R230) (Year of Construction 10.2001 - 01.2012), MERCEDES-BENZ A-Class (W169) (Year of Construction 09.2004 - 06.2012), MERCEDES-BENZ B-Class (W245) (Year of Construction 03.2005 - 11.2011), MERCEDES-BENZ S-Class Saloon (W221) (Year of Construction 09.2005 - 12.2013), MERCEDES-BENZ S-Class Coupe (C216) (Year of Construction 05.2006 - 12.2013), MERCEDES-BENZ C-Class Saloon (W204) (Year of Construction 01.2007 - 01.2014), MERCEDES-BENZ C-Class T-modell (S204) (Year of Construction 08.2007 - 08.2014), MERCEDES-BENZ CLC (CL203) (Year of Construction 05.2008 - 06.2011) | PEUGEOT: PEUGEOT 307 Hatchback (3A/C) (Year of Construction 08.2000 - 12.2012), PEUGEOT 307 SW (3H) (Year of Construction 03.2002 - 12.2009), PEUGEOT 307 CC (3B) (Year of Construction 10.2003 - 06.2009), PEUGEOT 307 Estate (3E) (Year of Construction 03.2002 - 12.2009), PEUGEOT Bipper Van (Year of Construction 02.2008 - ...), PEUGEOT Bipper Tepee (Year of Construction 04.2008 - ...) | RENAULT: RENAULT Megane II Hatchback (BM, CM) (Year of Construction 07.2001 - 10.2012), RENAULT Megane II Coupé-Cabriolet (EM) (Year of Construction 09.2003 - 03.2010), RENAULT Megane II Saloon (LM) (Year of Construction 09.2003 - ...), RENAULT Megane II Sport Tourer (KM) (Year of Construction 08.2003 - 08.2012), RENAULT Megane III Hatchback (BZ0/1) (Year of Construction 11.2008 - ...), RENAULT Megane III Coupe (DZ) (Year of Construction 11.2008 - ...), RENAULT Megane III Grandtour (KZ) (Year of Construction 11.2008 - ...), RENAULT Megane CC (EZ) (Year of Construction 06.2010 - ...)"
7,https://www.autodoc.co.uk/magneti-marelli/7975899,,12,10,"SV8,5-8",9461200000,MAGNETI MARELLI,8001063052939,New,"AUDI: AUDI 100 C3 Saloon (44, 44Q) (Year of Construction 08.1982 - 07.1991), AUDI 100 C3 Avant (44, 44Q) (Year of Construction 08.1982 - 11.1990), AUDI 90 B3 (89, 89Q, 8A) (Year of Construction 04.1987 - 09.1991), AUDI Coupe B3 (89, 8B) (Year of Construction 10.1988 - 12.1996), AUDI A4 B5 Saloon (8D2) (Year of Construction 11.1994 - 09.2001), AUDI Cabriolet B4 (8G7) (Year of Construction 05.1991 - 08.2000), AUDI V8 (441, 442, 4C2, 4C8) (Year of Construction 10.1988 - 02.1994), AUDI TT Coupe (8N3) (Year of Construction 10.1998 - 06.2006), AUDI TT Roadster (8N9) (Year of Construction 10.1999 - 06.2006), AUDI A4 B6 Saloon (8E2) (Year of Construction 11.2000 - 12.2004), AUDI A3 Hatchback (8P1) (Year of Construction 05.2003 - 08.2012), AUDI A6 C6 Saloon (4F2) (Year of Construction 05.2004 - 03.2011), AUDI A4 B7 Saloon (8EC) (Year of Construction 11.2004 - 06.2008), AUDI A4 B7 Avant (8ED) (Year of Construction 11.2004 - 06.2008), AUDI Q7 (4LB) (Year of Construction 03.2006 - 08.2015), AUDI A6 C6 Allroad (4FH) (Year of Construction 05.2006 - 08.2011), AUDI A6 C7 Saloon (4G2, 4GC) (Year of Construction 11.2010 - 09.2018), AUDI A6 C7 Avant (4G5, 4GD) (Year of Construction 05.2011 - 09.2018), AUDI A6 C7 Allroad (4GH, 4GJ) (Year of Construction 01.2012 - 09.2018) | BMW: BMW 8 (E31) (Year of Construction 04.1990 - 12.1999), BMW 3 Saloon (E30) (Year of Construction 09.1982 - 03.1992), BMW 3 Touring (E30) (Year of Construction 07.1987 - 10.1994), BMW 3 Compact (E36) (Year of Construction 03.1994 - 08.2000), BMW 3 Saloon (E36) (Year of Construction 09.1990 - 02.1998), BMW 3 Coupe (E36) (Year of Construction 03.1992 - 04.1999), BMW 3 Convertible (E30) (Year of Construction 12.1985 - 10.1993), BMW 3 Convertible (E36) (Year of Construction 03.1993 - 04.1999), BMW 5 Touring (E34) (Year of Construction 11.1991 - 01.1997), BMW 5 Saloon (E34) (Year of Construction 12.1987 - 11.1995), BMW 7 (E32) (Year of Construction 09.1986 - 10.1994), BMW 7 (E38) (Year of Construction 10.1994 - 11.2001), BMW 3 Touring (E36) (Year of Construction 01.1995 - 10.1999), BMW 5 Saloon (E39) (Year of Construction 09.1995 - 06.2003), BMW 5 Touring (E39) (Year of Construction 09.1996 - 05.2004), BMW Z3 Coupe (E36) (Year of Construction 04.1997 - 06.2003), BMW 3 Saloon (E46) (Year of Construction 02.1998 - 04.2005), BMW Z3 Roadster (E36) (Year of Construction 10.1995 - 01.2003), BMW 3 Coupe (E46) (Year of Construction 02.1999 - 07.2006), BMW 3 Touring (E46) (Year of Construction 10.1999 - 05.2005), BMW Z8 Roadster (E52) (Year of Construction 06.2000 - 06.2003), BMW 3 Convertible (E46) (Year of Construction 04.2000 - 12.2007), BMW 7 (E65, E66, E67) (Year of Construction 11.2001 - 12.2009), BMW 5 Saloon (E60) (Year of Construction 12.2001 - 03.2010), BMW 5 Touring (E61) (Year of Construction 03.2004 - 12.2010), BMW X3 (E83) (Year of Construction 01.2003 - 12.2011), BMW 6 Coupe (E63) (Year of Construction 01.2004 - 12.2010), BMW 6 Convertible (E64) (Year of Construction 03.2004 - 12.2010), BMW 1 Hatchback (E81) (Year of Construction 09.2006 - 12.2011), BMW 3 Saloon (E90) (Year of Construction 02.2004 - 12.2011), BMW 3 Touring (E91) (Year of Construction 12.2004 - 06.2012), BMW 1 Coupe (E82) (Year of Construction 10.2006 - 10.2013), BMW 1 Convertible (E88) (Year of Construction 03.2008 - 12.2013), BMW X1 (E84) (Year of Construction 03.2009 - 06.2015), BMW 1 Hatchback (F20) (Year of Construction 11.2010 - 06.2019), BMW 3 Saloon (F30, F80) (Year of Construction 03.2011 - 10.2018), BMW 3 Touring (F31) (Year of Construction 07.2011 - 06.2019), BMW 1 Hatchback (E87) (Year of Construction 02.2003 - 01.2013), BMW 1 Hatchback (F21) (Year of Construction 12.2011 - ...), BMW 6 Gran Coupe (F06) (Year of Construction 09.2011 - 10.2018), BMW 3 GT (F34) (Year of Construction 07.2012 - ...), BMW 4 Coupe (F32, F82) (Year of Construction 07.2013 - ...), BMW 4 Convertible (F33, F83) (Year of Construction 10.2013 - ...), BMW 4 Gran Coupe (F36) (Year of Construction 03.2014 - ...), BMW 2 Active Tourer (F45) (Year of Construction 11.2013 - ...), BMW 2 Gran Tourer (F46) (Year of Construction 07.2014 - ...) | FORD: FORD Scorpio Mk1 Hatchback (GAE, GGE) (Year of Construction 04.1985 - 09.1994), FORD Scorpio Mk1 Saloon (GGE) (Year of Construction 01.1986 - 12.1994), FORD Mondeo Mk1 Hatchback (GBP) (Year of Construction 02.1993 - 08.1996), FORD Mondeo Mk1 Estate (BNP) (Year of Construction 01.1993 - 08.1996), FORD Escort Mk5 Hatchback (AAL, ABL) (Year of Construction 06.1989 - 12.1992), FORD Escort Mk5 Estate (ANL) (Year of Construction 07.1990 - 12.1992), FORD Escort Mk5 Convertible (ALL) (Year of Construction 01.1992 - 01.1995), FORD Escort Mk5 Hatchback (GAL) (Year of Construction 09.1992 - 09.1996), FORD Escort Mk5 Saloon (AFL) (Year of Construction 08.1993 - 01.1995), FORD Escort Mk5 Estate (GAL) (Year of Construction 09.1992 - 01.1995), FORD Orion Mk3 (GAL) (Year of Construction 01.1990 - 09.1996), FORD Fiesta Mk3 Hatchback (GFJ) (Year of Construction 01.1989 - 01.1997), FORD Maverick Off-Road (UDS, UNS) (Year of Construction 02.1993 - 04.1998), FORD Scorpio Mk2 Saloon (GFR, GGR) (Year of Construction 10.1994 - 08.1998), FORD Scorpio Mk2 Estate (GNR, GGR) (Year of Construction 10.1994 - 08.1998), FORD Galaxy Mk1 (WGR) MPV (Year of Construction 03.1995 - 05.2006), FORD Escort Mk6 Hatchback (GAL, AAL, ABL) (Year of Construction 01.1995 - 10.2002), FORD Escort Mk6 Saloon (GAL, AFL) (Year of Construction 01.1995 - 08.2002), FORD Fiesta Mk4 Hatchback (JAS, JBS) (Year of Construction 08.1995 - 09.2002), FORD Fiesta Mk4 (J3S, J5S) (Year of Construction 02.1996 - ...), FORD Mondeo Mk2 Hatchback (BAP) (Year of Construction 08.1996 - 09.2000), FORD Mondeo Mk2 Estate (BNP) (Year of Construction 08.1996 - 09.2000), FORD Transit Mk3 Van (VE64) (Year of Construction 05.1991 - 06.1994), FORD Transit Mk3 Platform / Chassis (VE64) (Year of Construction 04.1991 - 08.1994), FORD Transit Mk4 Van (VE83) (Year of Construction 06.1994 - 07.2000), FORD Transit Mk4 Platform/Chassis (VE83) (Year of Construction 08.1994 - 07.2000), FORD Scorpio Mk1 Estate (GGE) (Year of Construction 05.1988 - 09.1994), FORD Mondeo Mk1 Saloon (GBP) (Year of Construction 02.1993 - 08.1996), FORD Mondeo Mk2 Saloon (BFP) (Year of Construction 08.1996 - 09.2000), FORD Cougar Coupe (EC) (Year of Construction 08.1998 - 12.2001), FORD Focus Mk1 Hatchback (DAW, DBW) (Year of Construction 10.1998 - 12.2007), FORD Focus Mk1 Estate (DNW) (Year of Construction 02.1999 - 12.2007), FORD Focus Mk1 Saloon (DNW) (Year of Construction 02.1999 - 12.2007), FORD Puma Hatchback (Year of Construction 03.1997 - 06.2002), FORD Transit Mk3 Minibus (VE64) (Year of Construction 01.1991 - 09.1994), FORD Fiesta Mk4 Van (JVS) (Year of Construction 05.1998 - 08.2003), FORD Ranger Mk2 (ER, EQ) (Year of Construction 04.1997 - 06.2006), FORD Transit Mk5 Minibus (V184, V185) (Year of Construction 01.2000 - 05.2006), FORD Transit Mk5 Van (V184, V185) (Year of Construction 01.2000 - 05.2006), FORD Transit Mk5 Platform / Chassis (V184, V185) (Year of Construction 01.2000 - 05.2006), FORD Mondeo Mk3 Saloon (B4Y) (Year of Construction 10.2000 - 03.2007), FORD Mondeo Mk3 Hatchback (B5Y) (Year of Construction 10.2000 - 03.2007), FORD Mondeo Mk3 Estate (BWY) (Year of Construction 10.2000 - 03.2007), FORD Fiesta Mk5 Hatchback (JH1, JD1, JH3, JD3) (Year of Construction 11.2001 - 03.2010), FORD Fusion Estate (JU2) (Year of Construction 08.2002 - 12.2012), FORD Tourneo Connect Mk1 (Year of Construction 06.2002 - 12.2013), FORD StreetKA Convertible (RL2) (Year of Construction 03.2003 - 07.2005), FORD Transit Connect Mk1 Van (Year of Construction 06.2002 - ...), FORD Focus C-Max (DM2) (Year of Construction 10.2003 - 03.2007), FORD Focus Mk2 Hatchback (DA_, HCP, DP) (Year of Construction 07.2004 - 09.2012), FORD Focus Mk2 Estate (DA_, FFS, DS) (Year of Construction 07.2004 - 09.2012), FORD Focus Mk2 Saloon (DB_, FCH, DH) (Year of Construction 04.2005 - ...), FORD Galaxy Mk2 (WA6) MPV (Year of Construction 05.2006 - 06.2015), FORD S-Max Mk1 (WA6) (Year of Construction 05.2006 - 12.2014), FORD Focus Mk2 Convertible (DB3) (Year of Construction 10.2006 - 09.2010), FORD C-Max (DM2) (Year of Construction 02.2007 - 09.2010), FORD KA Hatchback (RU8) (Year of Construction 10.2008 - 05.2016), FORD Ranger Mk2 (ET) (Year of Construction 01.2005 - 07.2012), FORD Tourneo Custom V362 Minibus (F3) (Year of Construction 04.2012 - ...), FORD Transit Custom V362 Van (FY, FZ) (Year of Construction 04.2012 - ...), FORD Transit Custom V362 Minibus (F3) (Year of Construction 04.2012 - ...) | MERCEDES-BENZ: MERCEDES-BENZ W124 Coupe (C124) (Year of Construction 03.1987 - 05.1993), MERCEDES-BENZ W124 Saloon (W124) (Year of Construction 12.1984 - 08.1993), MERCEDES-BENZ W124 Estate (S124) (Year of Construction 09.1985 - 07.1993), MERCEDES-BENZ 190 (W201) (Year of Construction 10.1982 - 08.1993), MERCEDES-BENZ G-Class Off-Road (W463) (Year of Construction 09.1989 - ...), MERCEDES-BENZ W124 Convertible (A124) (Year of Construction 09.1991 - 06.1993), MERCEDES-BENZ E-Class Saloon (W124) (Year of Construction 02.1993 - 06.1996), MERCEDES-BENZ E-Class T-modell (S124) (Year of Construction 06.1993 - 06.1996), MERCEDES-BENZ C-Class Saloon (W202) (Year of Construction 03.1993 - 05.2000), MERCEDES-BENZ MB 100 Minibus (W631) (Year of Construction 02.1988 - 04.1996), MERCEDES-BENZ C-Class T-modell (S202) (Year of Construction 06.1996 - 03.2001), MERCEDES-BENZ T1 Minibus (W602) (Year of Construction 04.1977 - 02.1996), MERCEDES-BENZ G-Class Off-Road Cabrio (W463) (Year of Construction 09.1989 - ...), MERCEDES-BENZ MB 100 Van (W631) (Year of Construction 02.1988 - 04.1996), MERCEDES-BENZ ML-Class (W163) (Year of Construction 02.1998 - 06.2005), MERCEDES-BENZ E-Class Coupe (C124) (Year of Construction 06.1993 - 06.1997), MERCEDES-BENZ E-Class Convertible (A124) (Year of Construction 05.1993 - 03.1998), MERCEDES-BENZ G-Class Off-Road (W461) (Year of Construction 09.1989 - ...), MERCEDES-BENZ C-Class Saloon (W203) (Year of Construction 05.2000 - 08.2007), MERCEDES-BENZ C-Class Coupe (CL203) (Year of Construction 03.2001 - 06.2011), MERCEDES-BENZ C-Class T-modell (S203) (Year of Construction 03.2001 - 08.2007), MERCEDES-BENZ Vaneo (W414) (Year of Construction 02.2002 - 07.2005), MERCEDES-BENZ MB 100 Platform/Chassis (W631) (Year of Construction 02.1988 - 02.1996), MERCEDES-BENZ CLK Coupe (C209) (Year of Construction 06.2002 - 05.2009), MERCEDES-BENZ CLK Convertible (A209) (Year of Construction 02.2003 - 03.2010), MERCEDES-BENZ Viano (W639) (Year of Construction 09.2003 - ...), MERCEDES-BENZ SLK (R171) (Year of Construction 03.2004 - 02.2011), MERCEDES-BENZ CLS Coupe (C219) (Year of Construction 10.2004 - 02.2011), MERCEDES-BENZ A-Class (W169) (Year of Construction 09.2004 - 06.2012), MERCEDES-BENZ B-Class (W245) (Year of Construction 03.2005 - 11.2011), MERCEDES-BENZ CLC (CL203) (Year of Construction 05.2008 - 06.2011), MERCEDES-BENZ A-Class (W176) (Year of Construction 06.2012 - ...), MERCEDES-BENZ CLA Coupe (C117) (Year of Construction 01.2013 - 03.2019), MERCEDES-BENZ GLA (X156) (Year of Construction 12.2013 - ...), MERCEDES-BENZ CLA Estate (X117) (Year of Construction 01.2015 - 03.2019) | NISSAN: NISSAN 100NX (B13) (Year of Construction 03.1990 - 01.1996), NISSAN Primera Saloon (P10) (Year of Construction 06.1990 - 06.1996), NISSAN Micra II Hatchback (K11) (Year of Construction 01.1992 - 12.2007), NISSAN Sunny III Hatchback (N14) (Year of Construction 10.1990 - 07.1995), NISSAN Sunny Liftback (N14) (Year of Construction 10.1990 - 10.1995), NISSAN Prairie Pro (M11) (Year of Construction 10.1988 - 10.1998), NISSAN Primera Hatchback (P10) (Year of Construction 06.1990 - 06.1996), NISSAN Primera Estate (W10) (Year of Construction 07.1990 - 03.1998), NISSAN 300ZX Coupe (Z32) (Year of Construction 09.1989 - 12.2000), NISSAN Terrano II Off-Road (R20) (Year of Construction 10.1992 - 09.2007), NISSAN Serena (C23) (Year of Construction 06.1991 - 09.2001), NISSAN Almera I Hatchback (N15) (Year of Construction 07.1995 - 01.2001), NISSAN Almera I Saloon (N15) (Year of Construction 07.1995 - 07.2000), NISSAN Primera Saloon (P11) (Year of Construction 06.1996 - 12.2001), NISSAN Primera Hatchback (P11) (Year of Construction 06.1996 - 07.2002), NISSAN Sunny Saloon (N14) (Year of Construction 05.1990 - 12.1996), NISSAN Sunny Traveller (Y10) (Year of Construction 11.1990 - 03.2000), NISSAN Pick Up (D21) (Year of Construction 09.1985 - 02.1998), NISSAN Vanette Cargo Van (HC23) (Year of Construction 09.1994 - 05.2002), NISSAN Vanette Cargo Minibus (HC23) (Year of Construction 09.1994 - 05.2001), NISSAN Primera Estate (WP11) (Year of Construction 06.1996 - 01.2002), NISSAN Pathfinder II (R50) (Year of Construction 09.1995 - 07.2005), NISSAN Patrol GR V Off-Road (Y61) (Year of Construction 06.1997 - ...), NISSAN Pick Up (D22) (Year of Construction 01.1997 - ...), NISSAN Sunny III Van (Y10) (Year of Construction 11.1990 - 03.2000), NISSAN 200SX (S14) (Year of Construction 10.1993 - 12.1999), NISSAN Almera II Hatchback (N16) (Year of Construction 01.2000 - ...), NISSAN Maxima V QX Saloon (A33) (Year of Construction 04.1999 - 11.2003), NISSAN Almera II Saloon (N16) (Year of Construction 06.2000 - ...), NISSAN X-Trail (T30) (Year of Construction 06.2001 - 01.2013), NISSAN Primera Saloon (P12) (Year of Construction 01.2002 - ...), NISSAN Primera Estate (WP12) (Year of Construction 01.2002 - ...), NISSAN Primera Hatchback (P12) (Year of Construction 01.2002 - ...), NISSAN Micra III Hatchback (K12) (Year of Construction 03.2002 - 06.2010), NISSAN Micra C+C III (K12) (Year of Construction 08.2005 - ...), NISSAN Note I (E11, NE11) (Year of Construction 01.2005 - 06.2012) | PEUGEOT: PEUGEOT 806 MPV (Year of Construction 06.1994 - 08.2002), PEUGEOT Boxer Minibus (230) (Year of Construction 03.1994 - 04.2002), PEUGEOT Expert I (224) (Year of Construction 10.1995 - 12.2006), PEUGEOT J5 Platform / Chassis (290) (Year of Construction 09.1990 - 02.1994), PEUGEOT Boxer Van (230) (Year of Construction 03.1994 - 06.2003), PEUGEOT Partner I Van (Year of Construction 04.1996 - 12.2015), PEUGEOT Expert I Van (Year of Construction 07.1995 - 12.2006), PEUGEOT Expert I Platform/Chassis (Year of Construction 12.1995 - 12.2006), PEUGEOT J5 Minibus (290) (Year of Construction 09.1990 - 02.1994), PEUGEOT J5 Van (290) (Year of Construction 09.1990 - 03.1994), PEUGEOT Boxer Minibus (244) (Year of Construction 12.2001 - ...), PEUGEOT Boxer Van (244) (Year of Construction 12.2001 - ...), PEUGEOT Bipper Van (Year of Construction 02.2008 - ...) | RENAULT: RENAULT Kangoo I (KC) (Year of Construction 08.1997 - ...), RENAULT Trafic I Van (TX) (Year of Construction 03.1989 - 12.2001), RENAULT Kangoo I Express (FC) (Year of Construction 08.1997 - ...), RENAULT Trafic I Minibus (TX) (Year of Construction 03.1989 - 03.2001), RENAULT Trafic I Platform/Chassis (PX) (Year of Construction 03.1989 - 03.2001), RENAULT Kangoo II / Grand Kangoo (KW) (Year of Construction 02.2008 - ...), RENAULT Kangoo II Express (FW) (Year of Construction 02.2008 - ...), RENAULT Kangoo II Be Bop (KW) (Year of Construction 02.2009 - ...) | TOYOTA: TOYOTA RAV4 I Off-Road (XA10) (Year of Construction 01.1994 - 09.2000), TOYOTA Land Cruiser 80 (J80) (Year of Construction 01.1990 - 02.1998), TOYOTA Camry III Saloon (_V1_) (Year of Construction 06.1991 - 09.1997), TOYOTA Carina E Saloon (T19) (Year of Construction 04.1992 - 09.1997), TOYOTA Carina E Hatchback (T19) (Year of Construction 04.1992 - 09.1997), TOYOTA Carina E Sportswagon (T19) (Year of Construction 02.1992 - 09.1997), TOYOTA Celica V Coupe (T180) (Year of Construction 09.1989 - 12.1994), TOYOTA Hiace Minibus (H50, H60, H70, H100) (Year of Construction 08.1987 - 12.2004), TOYOTA Hiace Minibus (H100, H200) (Year of Construction 08.1995 - 12.2012), TOYOTA Land Cruiser Prado 90 (J90) (Year of Construction 04.1995 - ...), TOYOTA Picnic (XM10) (Year of Construction 05.1996 - 12.2001), TOYOTA Corolla VIII Saloon (E110) (Year of Construction 04.1997 - 06.2002), TOYOTA Corolla VIII Liftback (E110) (Year of Construction 04.1997 - 01.2002), TOYOTA Corolla VIII Compact (E110) (Year of Construction 04.1997 - 01.2002), TOYOTA Hiace Van (H100) (Year of Construction 08.1987 - 07.2006), TOYOTA Avensis I Saloon (T22) (Year of Construction 09.1997 - 02.2003), TOYOTA Avensis I Estate (T22) (Year of Construction 09.1997 - 02.2003), TOYOTA Camry IV Saloon (_V2_) (Year of Construction 08.1996 - 11.2001), TOYOTA Previa / Estima I (XR10, XR20) (Year of Construction 05.1990 - 08.2000), TOYOTA Avensis I Liftback (T22) (Year of Construction 09.1997 - 02.2003), TOYOTA Land Cruiser Amazon (J100) (Year of Construction 01.1998 - 08.2007), TOYOTA RAV4 I Off-Road Cabrio (XA10) (Year of Construction 12.1997 - 06.2000), TOYOTA Land Cruiser Prado 70 Off-Road Cabrio (J70) (Year of Construction 07.1990 - 05.1996), TOYOTA Corolla VIII Estate (E110) (Year of Construction 04.1997 - 10.2001), TOYOTA Starlet V Hatchback (P90) (Year of Construction 01.1996 - 10.1999), TOYOTA Yaris I Hatchback (P1) (Year of Construction 01.1999 - 12.2005), TOYOTA Hiace Van (XH10) (Year of Construction 08.1995 - 12.2012), TOYOTA Yaris Verso (P2) (Year of Construction 08.1999 - 09.2005), TOYOTA Celica VII Coupe (T230) (Year of Construction 08.1999 - 03.2006), TOYOTA MR2 III Convertible (W30) (Year of Construction 10.1999 - 06.2007), TOYOTA RAV4 II Off-Road (XA20) (Year of Construction 06.2000 - 11.2005), TOYOTA Liteace Minibus (R20) (Year of Construction 01.1992 - 01.1998), TOYOTA Liteace Van (R20) (Year of Construction 01.1992 - 01.1995), TOYOTA Avensis Verso (M2) (Year of Construction 08.2001 - 11.2009), TOYOTA Camry V Saloon (_V3_) (Year of Construction 08.2001 - 11.2006), TOYOTA Corolla Verso (E121) (Year of Construction 07.2001 - 07.2004), TOYOTA Avensis II Saloon (T25) (Year of Construction 04.2003 - 11.2008), TOYOTA Avensis II Hatchback (T25) (Year of Construction 04.2003 - 11.2008), TOYOTA Prius II Liftback (XW20) (Year of Construction 08.2003 - 03.2009), TOYOTA Hilux IV Pickup (Year of Construction 08.1983 - 12.1989), TOYOTA Hilux V Pickup (Year of Construction 09.1988 - 01.1999), TOYOTA Hilux VI Pickup (Year of Construction 06.1997 - 03.2006) | VAUXHALL: VAUXHALL Astra Mk3 (F) CC (T92) (Year of Construction 09.1991 - 02.1998), VAUXHALL Astra Mk3 (F) Estate (T92) (Year of Construction 03.1991 - 02.1998), VAUXHALL Brava Pickup (TF0, TF1) (Year of Construction 12.1988 - 12.2002), VAUXHALL Calibra (C89) (Year of Construction 06.1990 - 07.1997), VAUXHALL Carlton Mk3 Saloon (V87) (Year of Construction 09.1986 - 03.1994), VAUXHALL Cavalier Mk3 Saloon (J89) (Year of Construction 08.1988 - 11.1995), VAUXHALL Corsa Mk1 (B) Hatchback (S93) (Year of Construction 12.1992 - 09.2000), VAUXHALL Omega (B) Saloon (V94) (Year of Construction 12.1993 - 07.2003), VAUXHALL Omega (B) Estate (V94) (Year of Construction 12.1993 - 06.2003), VAUXHALL Tigra Mk1 Coupe (S93) (Year of Construction 07.1994 - 12.2000), VAUXHALL Frontera Sport Mk1 (A) Off-Road Convertible (U92) (Year of Construction 03.1992 - 10.1998), VAUXHALL Frontera Mk1 (A) Off-Road (U92) (Year of Construction 09.1991 - 10.1998), VAUXHALL Monterey Mk1 (M92) (Year of Construction 09.1991 - 07.1998), VAUXHALL Combo Mk1 (B) Van (S93) (Year of Construction 07.1994 - 10.2001), VAUXHALL Cavalier Mk3 CC (J89) (Year of Construction 09.1988 - 11.1995), VAUXHALL Vectra Mk1 (B) Saloon (J96) (Year of Construction 08.1995 - 03.2002), VAUXHALL Vectra Mk1 (B) CC (J96) (Year of Construction 08.1995 - 07.2003), VAUXHALL Vectra Mk1 (B) Estate (J96) (Year of Construction 08.1995 - 03.2002), VAUXHALL Sintra MPV (Year of Construction 09.1996 - 04.1999), VAUXHALL Arena Van (Year of Construction 01.1997 - 08.2001), VAUXHALL Frontera Mk2 (B) Off-Road (U99) (Year of Construction 10.1998 - 10.2004), VAUXHALL Monterey Mk2 (M98) (Year of Construction 07.1998 - 08.1999), VAUXHALL Astra Mk4 (G) CC (T98) (Year of Construction 02.1998 - 05.2005), VAUXHALL Astra Mk4 (G) Saloon (T98) (Year of Construction 02.1998 - 05.2005), VAUXHALL Astra Mk4 (G) Estate (T98) (Year of Construction 02.1998 - 05.2005), VAUXHALL Astra Mk3 (F) Saloon (Year of Construction 09.1991 - 09.1998), VAUXHALL Astra Mk3 (F) Convertible (T92) (Year of Construction 03.1993 - 03.2001), VAUXHALL Zafira Mk1 (A) (T98) (Year of Construction 11.1998 - 08.2005), VAUXHALL Astra Mk2 Convertible (T85) (Year of Construction 01.1987 - 08.1993), VAUXHALL Astravan Mk3 (F) (T92) (Year of Construction 01.1991 - 08.1998), VAUXHALL Astravan Mk4 (G) (T98) (Year of Construction 08.1998 - 08.2006), VAUXHALL Corsavan Mk1 (B) (Year of Construction 01.1994 - 09.2000), VAUXHALL Agila Mk1 (A) (H00) (Year of Construction 02.2000 - 03.2008), VAUXHALL Arena Minibus (Year of Construction 01.1997 - 08.2001), VAUXHALL Vectra Mk2 (C) Saloon (Z02) (Year of Construction 01.2000 - 10.2008), VAUXHALL Vectra Mk2 (C) CC (Z02) (Year of Construction 08.2002 - 07.2008), VAUXHALL Signum (Z03) (Year of Construction 03.2003 - 10.2008), VAUXHALL Meriva Mk1 (A) (X03) (Year of Construction 01.2003 - 06.2010), VAUXHALL Astra Mk5 (H) Hatchback (A04) (Year of Construction 01.2004 - 09.2009), VAUXHALL Vectra Mk2 (C) Estate (Z02) (Year of Construction 10.2003 - 05.2009), VAUXHALL Tigra Mk2 TwinTop (X04) (Year of Construction 06.2004 - 08.2009), VAUXHALL Astra Mk5 (H) Estate (A04) (Year of Construction 08.2004 - 10.2012), VAUXHALL Zafira Mk2 (B) (A05) (Year of Construction 04.2005 - 11.2014), VAUXHALL Astra Mk5 (H) TwinTop (A04) (Year of Construction 09.2005 - 11.2010), VAUXHALL Astra Mk5 (H) Sport Hatch (A04) (Year of Construction 02.2005 - 11.2010), VAUXHALL Antara (L07) (Year of Construction 08.2006 - ...), VAUXHALL Corsa Mk3 (D) Hatchback (S07) (Year of Construction 07.2006 - 08.2014), VAUXHALL Vivaro Platform / Chassis (X83) (Year of Construction 04.2003 - 07.2014), VAUXHALL Agila Mk2 (B) (H08) (Year of Construction 01.2008 - 11.2014), VAUXHALL Astravan Mk5 (H) (A04) (Year of Construction 03.2005 - ...), VAUXHALL Corsavan Mk3 (D) (S07) (Year of Construction 07.2006 - ...), VAUXHALL Movano Mk2 (B) Van (X62) (Year of Construction 05.2010 - ...), VAUXHALL Movano Mk2 (B) Platform / Chassis (X62) (Year of Construction 05.2010 - ...), VAUXHALL Movano Mk2 (B) Combi (X62) (Year of Construction 05.2010 - ...), VAUXHALL Combo Mk3 (D) Box Body / Estate (X12) (Year of Construction 11.2011 - ...), VAUXHALL Mokka / Mokka X (J13) (Year of Construction 06.2012 - ...), VAUXHALL Corsa Mk4 (E) Hatchback (X15) (Year of Construction 08.2014 - ...), VAUXHALL Corsa Mk4 (E) Van (X15) (Year of Construction 10.2014 - ...)"
8,https://www.autodoc.co.uk/magneti-marelli/7483817,P21 / 4W,12,21/4,BAZ15d,8529100000,MAGNETI MARELLI,8001063058016,New,FIAT: FIAT Panda II Hatchback (169) (Year of Construction 09.2003 - ...) | VOLVO: VOLVO C70 II Convertible (542) (Year of Construction 03.2006 - 12.2013)
9,https://www.autodoc.co.uk/magneti-marelli/7771288,,12,10,"SV8,5-8",9461100000,MAGNETI MARELLI,8001063279480,New,"BMW: BMW 3 Saloon (E90) (Year of Construction 02.2004 - 12.2011), BMW 7 (F01, F02, F03, F04) (Year of Construction 02.2008 - 12.2015) | FIAT: FIAT Marea Saloon (185) (Year of Construction 09.1996 - 12.2007), FIAT Marea Weekend (185) (Year of Construction 09.1996 - 12.2007), FIAT Bravo II Hatchback (198) (Year of Construction 11.2006 - ...) | HONDA: HONDA CR-V III (RE) (Year of Construction 06.2006 - ...) | HYUNDAI: HYUNDAI Grandeur (TG) (Year of Construction 06.2003 - ...) | MERCEDES-BENZ: MERCEDES-BENZ Vito Minibus (W638) (Year of Construction 02.1996 - 07.2003), MERCEDES-BENZ Vito Van (W638) (Year of Construction 03.1997 - 07.2003), MERCEDES-BENZ V-Class (W638/2) (Year of Construction 02.1996 - 07.2003) | NISSAN: NISSAN Maxima V QX Saloon (A33) (Year of Construction 04.1999 - 11.2003), NISSAN Note I (E11, NE11) (Year of Construction 01.2005 - 06.2012) | PEUGEOT: PEUGEOT Boxer Minibus (250) (Year of Construction 09.2005 - ...), PEUGEOT Boxer Van (250) (Year of Construction 04.2006 - ...) | SEAT: SEAT Toledo III (5P2) (Year of Construction 04.2004 - 05.2009)"
10,https://www.autodoc.co.uk/magneti-marelli/7699537,P21 / 5W,12,21/5,BAY15d,8528100000,MAGNETI MARELLI,8001063279404,New,"CITROEN: CITROËN Berlingo / Berlingo First I Van (M) (Year of Construction 07.1996 - 12.2011), CITROËN C6 Saloon (Year of Construction 09.2005 - 12.2012), CITROËN C4 I Picasso (UD) (Year of Construction 10.2006 - 10.2013) | FIAT: FIAT Grande Punto Hatchback (199) (Year of Construction 10.2005 - ...) | FORD: FORD Transit Mk6 Minibus (V347, V348) (Year of Construction 04.2006 - 12.2014), FORD Transit Mk6 Van (V347, V348) (Year of Construction 04.2006 - 12.2014), FORD KA Hatchback (RU8) (Year of Construction 10.2008 - 05.2016) | MERCEDES-BENZ: MERCEDES-BENZ CLC (CL203) (Year of Construction 05.2008 - 06.2011) | OPEL: OPEL Tigra Twintop (X04) (Year of Construction 06.2004 - 12.2010) | PEUGEOT: PEUGEOT Partner I Van (Year of Construction 04.1996 - 12.2015), PEUGEOT 307 Hatchback (3A/C) (Year of Construction 08.2000 - 12.2012), PEUGEOT 307 SW (3H) (Year of Construction 03.2002 - 12.2009), PEUGEOT 307 Estate (3E) (Year of Construction 03.2002 - 12.2009), PEUGEOT 407 SW (Year of Construction 05.2004 - 12.2011), PEUGEOT 308 I Hatchback (4A, 4C) (Year of Construction 09.2007 - 12.2016), PEUGEOT 308 I SW (4E, 4H) (Year of Construction 09.2007 - 10.2014), PEUGEOT 308 I CC (4B) (Year of Construction 04.2009 - 12.2015), PEUGEOT RCZ Coupe (Year of Construction 03.2010 - 12.2015)"
11,https://www.autodoc.co.uk/magneti-marelli/7483818,C5W,12,5,"SV8,5-8",9418100000,MAGNETI MARELLI,8001063279442,New,"AUDI: AUDI 100 C3 Saloon (44, 44Q) (Year of Construction 08.1982 - 07.1991), AUDI 100 C3 Avant (44, 44Q) (Year of Construction 08.1982 - 11.1990), AUDI 90 B3 (89, 89Q, 8A) (Year of Construction 04.1987 - 09.1991), AUDI Coupe B2 (81, 85) (Year of Construction 07.1980 - 10.1988), AUDI A4 B5 Saloon (8D2) (Year of Construction 11.1994 - 09.2001), AUDI A8 D2 (4D2, 4D8) (Year of Construction 03.1994 - 12.2002), AUDI A3 Hatchback (8L1) (Year of Construction 09.1996 - 06.2003), AUDI A6 C5 Saloon (4B2) (Year of Construction 01.1997 - 01.2005), AUDI A6 C5 Avant (4B5) (Year of Construction 11.1997 - 01.2005), AUDI A4 B5 Avant (8D5) (Year of Construction 11.1994 - 09.2001), AUDI TT Coupe (8N3) (Year of Construction 10.1998 - 06.2006), AUDI TT Roadster (8N9) (Year of Construction 10.1999 - 06.2006), AUDI A2 (8Z0) (Year of Construction 02.2000 - 08.2005), AUDI Allroad C5 (4BH) (Year of Construction 05.2000 - 08.2005), AUDI A4 B6 Saloon (8E2) (Year of Construction 11.2000 - 12.2004), AUDI A4 B6 Avant (8E5) (Year of Construction 04.2001 - 12.2004), AUDI A4 B6/B7 Convertible (8H7, 8HE) (Year of Construction 04.2002 - 03.2009), AUDI A8 D3 (4E2, 4E8) (Year of Construction 10.2002 - 07.2010), AUDI A3 Hatchback (8P1) (Year of Construction 05.2003 - 08.2012), AUDI A6 C6 Saloon (4F2) (Year of Construction 05.2004 - 03.2011), AUDI A3 Sportback (8PA) (Year of Construction 09.2004 - 03.2013), AUDI A4 B7 Saloon (8EC) (Year of Construction 11.2004 - 06.2008), AUDI A4 B7 Avant (8ED) (Year of Construction 11.2004 - 06.2008), AUDI A6 C6 Avant (4F5) (Year of Construction 03.2005 - 08.2011), AUDI Q7 (4LB) (Year of Construction 03.2006 - 08.2015), AUDI A5 B8 Coupe (8T3) (Year of Construction 06.2007 - 01.2017), AUDI R8 Coupe (422, 423) (Year of Construction 04.2007 - 07.2015), AUDI A4 B8 Saloon (8K2) (Year of Construction 11.2007 - 12.2015), AUDI A3 Convertible (8P7) (Year of Construction 04.2008 - 05.2013), AUDI A4 B8 Avant (8K5) (Year of Construction 11.2007 - 12.2015), AUDI A4 B8 Allroad (8KH) (Year of Construction 04.2009 - 05.2016) | BMW: BMW 8 (E31) (Year of Construction 04.1990 - 12.1999), BMW 3 Saloon (E30) (Year of Construction 09.1982 - 03.1992), BMW 3 Touring (E30) (Year of Construction 07.1987 - 10.1994), BMW 3 Compact (E36) (Year of Construction 03.1994 - 08.2000), BMW 3 Saloon (E36) (Year of Construction 09.1990 - 02.1998), BMW 3 Coupe (E36) (Year of Construction 03.1992 - 04.1999), BMW 3 Convertible (E30) (Year of Construction 12.1985 - 10.1993), BMW 3 Convertible (E36) (Year of Construction 03.1993 - 04.1999), BMW 5 Saloon (E28) (Year of Construction 06.1980 - 12.1987), BMW 5 Touring (E34) (Year of Construction 11.1991 - 01.1997), BMW 5 Saloon (E34) (Year of Construction 12.1987 - 11.1995), BMW 6 Coupe (E24) (Year of Construction 10.1975 - 04.1989), BMW 7 (E23) (Year of Construction 05.1977 - 04.1988), BMW 7 (E32) (Year of Construction 09.1986 - 10.1994), BMW 7 (E38) (Year of Construction 10.1994 - 11.2001), BMW 3 Touring (E36) (Year of Construction 01.1995 - 10.1999), BMW 5 Saloon (E39) (Year of Construction 09.1995 - 06.2003), BMW 5 Touring (E39) (Year of Construction 09.1996 - 05.2004), BMW 3 Saloon (E46) (Year of Construction 02.1998 - 04.2005), BMW Z3 Roadster (E36) (Year of Construction 10.1995 - 01.2003), BMW 3 Coupe (E46) (Year of Construction 02.1999 - 07.2006), BMW 3 Touring (E46) (Year of Construction 10.1999 - 05.2005), BMW Z8 Roadster (E52) (Year of Construction 06.2000 - 06.2003), BMW X5 (E53) (Year of Construction 05.2000 - 02.2007), BMW 3 Convertible (E46) (Year of Construction 04.2000 - 12.2007), BMW 3 Compact (E46) (Year of Construction 03.2001 - 02.2005), BMW 7 (E65, E66, E67) (Year of Construction 11.2001 - 12.2009), BMW Z4 Roadster (E85) (Year of Construction 02.2003 - 12.2009), BMW 5 Saloon (E60) (Year of Construction 12.2001 - 03.2010), BMW 5 Touring (E61) (Year of Construction 03.2004 - 12.2010), BMW X3 (E83) (Year of Construction 01.2003 - 12.2011), BMW 6 Coupe (E63) (Year of Construction 01.2004 - 12.2010), BMW 6 Convertible (E64) (Year of Construction 03.2004 - 12.2010), BMW 1 Hatchback (E81) (Year of Construction 09.2006 - 12.2011), BMW 3 Saloon (E90) (Year of Construction 02.2004 - 12.2011), BMW 3 Touring (E91) (Year of Construction 12.2004 - 06.2012), BMW Z4 Coupe (E86) (Year of Construction 03.2006 - 01.2009), BMW 3 Convertible (E93) (Year of Construction 05.2006 - 12.2013), BMW 1 Coupe (E82) (Year of Construction 10.2006 - 10.2013) | FORD: FORD Mondeo Mk1 Hatchback (GBP) (Year of Construction 02.1993 - 08.1996), FORD Mondeo Mk1 Estate (BNP) (Year of Construction 01.1993 - 08.1996), FORD Orion Mk3 (GAL) (Year of Construction 01.1990 - 09.1996), FORD Maverick Off-Road (UDS, UNS) (Year of Construction 02.1993 - 04.1998), FORD Scorpio Mk2 Saloon (GFR, GGR) (Year of Construction 10.1994 - 08.1998), FORD Scorpio Mk2 Estate (GNR, GGR) (Year of Construction 10.1994 - 08.1998), FORD Escort Mk6 Saloon (GAL, AFL) (Year of Construction 01.1995 - 08.2002), FORD Escort Mk6 Estate (GAL, ANL) (Year of Construction 01.1995 - 10.2002), FORD Escort Mk6 Convertible (ALL) (Year of Construction 02.1995 - 08.2000), FORD Transit Mk4 Minibus (VE83) (Year of Construction 06.1994 - 07.2000), FORD Mondeo Mk2 Hatchback (BAP) (Year of Construction 08.1996 - 09.2000), FORD Mondeo Mk2 Estate (BNP) (Year of Construction 08.1996 - 09.2000), FORD Transit Mk4 Van (VE83) (Year of Construction 06.1994 - 07.2000), FORD Mondeo Mk1 Saloon (GBP) (Year of Construction 02.1993 - 08.1996), FORD Fiesta Mk3 Courier (F3L, F5L) (Year of Construction 07.1991 - 02.1996), FORD Mondeo Mk2 Saloon (BFP) (Year of Construction 08.1996 - 09.2000), FORD Cougar Coupe (EC) (Year of Construction 08.1998 - 12.2001), FORD Focus Mk1 Hatchback (DAW, DBW) (Year of Construction 10.1998 - 12.2007), FORD Focus Mk1 Estate (DNW) (Year of Construction 02.1999 - 12.2007), FORD Focus Mk1 Saloon (DNW) (Year of Construction 02.1999 - 12.2007), FORD Maverick Off-Road (1N2) (Year of Construction 02.2001 - ...), FORD Mondeo Mk3 Saloon (B4Y) (Year of Construction 10.2000 - 03.2007), FORD Mondeo Mk3 Hatchback (B5Y) (Year of Construction 10.2000 - 03.2007), FORD Mondeo Mk3 Estate (BWY) (Year of Construction 10.2000 - 03.2007), FORD Fiesta Mk5 Hatchback (JH1, JD1, JH3, JD3) (Year of Construction 11.2001 - 03.2010), FORD Fusion Estate (JU2) (Year of Construction 08.2002 - 12.2012), FORD Focus C-Max (DM2) (Year of Construction 10.2003 - 03.2007), FORD Focus Mk2 Saloon (DB_, FCH, DH) (Year of Construction 04.2005 - ...), FORD Focus Mk2 Convertible (DB3) (Year of Construction 10.2006 - 09.2010), FORD KA Hatchback (RU8) (Year of Construction 10.2008 - 05.2016) | MERCEDES-BENZ: MERCEDES-BENZ W123 Coupe (C123) (Year of Construction 03.1977 - 12.1985), MERCEDES-BENZ W123 Estate (S123) (Year of Construction 09.1977 - 12.1986), MERCEDES-BENZ W124 Coupe (C124) (Year of Construction 03.1987 - 05.1993), MERCEDES-BENZ W124 Saloon (W124) (Year of Construction 12.1984 - 08.1993), MERCEDES-BENZ W124 Estate (S124) (Year of Construction 09.1985 - 07.1993), MERCEDES-BENZ S-Class Coupe (C126) (Year of Construction 08.1980 - 06.1991), MERCEDES-BENZ SL Convertible (R129) (Year of Construction 03.1989 - 12.2001), MERCEDES-BENZ S-Class Coupe (C140) (Year of Construction 07.1992 - 02.1999), MERCEDES-BENZ S-Class Saloon (W140) (Year of Construction 02.1991 - 10.1998), MERCEDES-BENZ 190 (W201) (Year of Construction 10.1982 - 08.1993), MERCEDES-BENZ G-Class Off-Road (W460) (Year of Construction 03.1979 - 08.1993), MERCEDES-BENZ G-Class Off-Road (W463) (Year of Construction 09.1989 - ...), MERCEDES-BENZ W124 Convertible (A124) (Year of Construction 09.1991 - 06.1993), MERCEDES-BENZ E-Class Saloon (W124) (Year of Construction 02.1993 - 06.1996), MERCEDES-BENZ E-Class T-modell (S124) (Year of Construction 06.1993 - 06.1996), MERCEDES-BENZ MB 100 Minibus (W631) (Year of Construction 02.1988 - 04.1996), MERCEDES-BENZ SL Convertible (R107) (Year of Construction 05.1971 - 12.1989), MERCEDES-BENZ W123 Saloon (W123) (Year of Construction 01.1976 - 12.1985), MERCEDES-BENZ Sprinter 2-T Platform/Chassis (W901, W902) (Year of Construction 01.1995 - 05.2006), MERCEDES-BENZ E-Class Saloon (W210) (Year of Construction 06.1995 - 08.2003), MERCEDES-BENZ E-Class T-modell (S210) (Year of Construction 06.1996 - 03.2003), MERCEDES-BENZ SLK (R170) (Year of Construction 04.1996 - 04.2004), MERCEDES-BENZ T1 Minibus (W602) (Year of Construction 04.1977 - 02.1996), MERCEDES-BENZ CLK Coupe (C208) (Year of Construction 06.1997 - 09.2002), MERCEDES-BENZ A-Class (W168) (Year of Construction 07.1997 - 08.2004), MERCEDES-BENZ G-Class Off-Road Cabrio (W463) (Year of Construction 09.1989 - ...), MERCEDES-BENZ Sprinter 2-T Van (W901, W902) (Year of Construction 01.1995 - 05.2006), MERCEDES-BENZ Sprinter 2-T Minibus (W901, W902) (Year of Construction 01.1995 - 05.2006), MERCEDES-BENZ Sprinter 3-T Minibus (W903) (Year of Construction 01.1995 - 05.2006), MERCEDES-BENZ MB 100 Van (W631) (Year of Construction 02.1988 - 04.1996), MERCEDES-BENZ ML-Class (W163) (Year of Construction 02.1998 - 06.2005), MERCEDES-BENZ SL Coupe (C107) (Year of Construction 01.1972 - 08.1985), MERCEDES-BENZ E-Class Coupe (C124) (Year of Construction 06.1993 - 06.1997), MERCEDES-BENZ Sprinter 3-T Platform/Chassis (W903) (Year of Construction 01.1995 - 05.2006), MERCEDES-BENZ CLK Convertible (A208) (Year of Construction 03.1998 - 03.2002), MERCEDES-BENZ S-Class Saloon (W220) (Year of Construction 10.1998 - 08.2005), MERCEDES-BENZ Sprinter 3-T Van (W903) (Year of Construction 01.1995 - 05.2006), MERCEDES-BENZ E-Class Convertible (A124) (Year of Construction 05.1993 - 03.1998), MERCEDES-BENZ T1 Van (W602) (Year of Construction 10.1982 - 02.1996), MERCEDES-BENZ G-Class Off-Road (W461) (Year of Construction 09.1989 - ...), MERCEDES-BENZ S-Class Coupe (C215) (Year of Construction 03.1999 - 08.2006), MERCEDES-BENZ Sprinter 4-T Minibus (W904) (Year of Construction 02.1996 - 05.2006), MERCEDES-BENZ Sprinter 4-T Van (W904) (Year of Construction 02.1996 - 05.2006), MERCEDES-BENZ Sprinter 4-T Platform/Chassis (W904) (Year of Construction 02.1996 - 05.2006), MERCEDES-BENZ SL Convertible (R230) (Year of Construction 10.2001 - 01.2012), MERCEDES-BENZ Vaneo (W414) (Year of Construction 02.2002 - 07.2005), MERCEDES-BENZ E-Class Saloon (W211) (Year of Construction 03.2002 - 03.2009), MERCEDES-BENZ CLK Coupe (C209) (Year of Construction 06.2002 - 05.2009), MERCEDES-BENZ E-Class T-modell (S211) (Year of Construction 03.2003 - 07.2009), MERCEDES-BENZ CLK Convertible (A209) (Year of Construction 02.2003 - 03.2010), MERCEDES-BENZ Viano (W639) (Year of Construction 09.2003 - ...), MERCEDES-BENZ Vito Minibus (W639) (Year of Construction 09.2003 - ...), MERCEDES-BENZ Vito Mixto (W639) (Year of Construction 09.2003 - ...), MERCEDES-BENZ SLK (R171) (Year of Construction 03.2004 - 02.2011), MERCEDES-BENZ CLS Coupe (C219) (Year of Construction 10.2004 - 02.2011), MERCEDES-BENZ A-Class (W169) (Year of Construction 09.2004 - 06.2012), MERCEDES-BENZ B-Class (W245) (Year of Construction 03.2005 - 11.2011), MERCEDES-BENZ ML-Class (W164) (Year of Construction 07.2005 - 12.2012), MERCEDES-BENZ R-Class (W251, V251) (Year of Construction 01.2005 - 10.2017), MERCEDES-BENZ GL (X164) (Year of Construction 09.2006 - 12.2012), MERCEDES-BENZ C-Class T-modell (S204) (Year of Construction 08.2007 - 08.2014), MERCEDES-BENZ CLC (CL203) (Year of Construction 05.2008 - 06.2011), MERCEDES-BENZ Vario Minibus (Year of Construction 09.1996 - ...), MERCEDES-BENZ Vario Box Body / Estate (Year of Construction 09.1996 - ...), MERCEDES-BENZ Vario Dumptruck (Year of Construction 09.1996 - ...), MERCEDES-BENZ Vario Platform / Chassis (Year of Construction 09.1996 - ...), MERCEDES-BENZ Vario Cab with engine (Year of Construction 09.1996 - ...) | NISSAN: NISSAN 100NX (B13) (Year of Construction 03.1990 - 01.1996), NISSAN Terrano II Off-Road (R20) (Year of Construction 10.1992 - 09.2007), NISSAN Maxima IV QX Saloon (A32) (Year of Construction 03.1994 - 08.2000), NISSAN Almera Tino (V10) (Year of Construction 12.1998 - 02.2006), NISSAN Interstar Minibus (X70) (Year of Construction 04.2002 - ...), NISSAN Interstar Van (X70) (Year of Construction 04.2002 - ...), NISSAN 350Z Coupe (Z33) (Year of Construction 09.2002 - 11.2009), NISSAN 350Z Roadster (Z33) (Year of Construction 10.2003 - 12.2009) | PEUGEOT: PEUGEOT 205 II Hatchback (Year of Construction 01.1987 - 12.2000), PEUGEOT Boxer Minibus (230) (Year of Construction 03.1994 - 04.2002), PEUGEOT 605 Saloon (Year of Construction 06.1989 - 09.1999), PEUGEOT Expert I (224) (Year of Construction 10.1995 - 12.2006), PEUGEOT Boxer Van (230) (Year of Construction 03.1994 - 06.2003), PEUGEOT Expert I Van (Year of Construction 07.1995 - 12.2006), PEUGEOT Expert I Platform/Chassis (Year of Construction 12.1995 - 12.2006), PEUGEOT 309 II Hatchback (Year of Construction 07.1989 - 12.1993), PEUGEOT Boxer Platform / Chassis (230) (Year of Construction 03.1994 - 04.2002), PEUGEOT Bipper Van (Year of Construction 02.2008 - ...) | RENAULT: RENAULT Clio I Hatchback (Year of Construction 05.1990 - 09.1998), RENAULT Laguna I Hatchback (B56) (Year of Construction 11.1993 - 08.2002), RENAULT Espace I (J11) (Year of Construction 07.1984 - 12.1992), RENAULT Espace II (J63/S63) (Year of Construction 01.1991 - 10.1997), RENAULT Fuego Hatchback (Year of Construction 02.1980 - 11.1992), RENAULT Twingo I Hatchback (Year of Construction 03.1993 - 10.2012), RENAULT 18 Saloon (Year of Construction 04.1978 - 11.1994), RENAULT 18 Estate (Year of Construction 02.1979 - 11.1994), RENAULT 19 II Convertible (Year of Construction 04.1992 - 06.2001), RENAULT 19 I Hatchback (Year of Construction 01.1988 - 09.1994), RENAULT 19 I Chamade (Year of Construction 01.1988 - 12.1992), RENAULT 19 II Hatchback (Year of Construction 01.1991 - 06.2001), RENAULT 19 II Chamade (Year of Construction 04.1992 - 08.2003), RENAULT 20 Hatchback (Year of Construction 10.1975 - 12.1983), RENAULT 21 Saloon (Year of Construction 03.1986 - 07.1997), RENAULT 21 Estate (Year of Construction 03.1986 - 07.1997), RENAULT 25 Hatchback (Year of Construction 04.1984 - 12.1993), RENAULT Super 5 Hatchback (B40, c40) (Year of Construction 10.1984 - 12.1996), RENAULT Laguna I Estate (K56) (Year of Construction 09.1995 - 08.2002), RENAULT Megane I Hatchback (BA) (Year of Construction 08.1995 - 12.2004), RENAULT Megane I Coach (DA) (Year of Construction 03.1996 - 08.2003), RENAULT Megane I Classic (LA) (Year of Construction 09.1996 - 08.2008), RENAULT Megane Scenic (JA) (Year of Construction 10.1996 - 12.2001), RENAULT Espace III (JE) (Year of Construction 11.1996 - 10.2002), RENAULT Megane I Convertible (EA) (Year of Construction 10.1996 - 08.2003), RENAULT 21 Hatchback (Year of Construction 07.1989 - 06.1994), RENAULT Trafic I Van (TX) (Year of Construction 03.1989 - 12.2001), RENAULT Clio II Hatchback (BB, CB) (Year of Construction 09.1998 - 12.2016), RENAULT Safrane I phase 2 Hatchback (B54) (Year of Construction 07.1996 - 12.2000), RENAULT Master II Van (Year of Construction 07.1998 - ...), RENAULT Master II Platform/Chassis (Year of Construction 07.1998 - ...), RENAULT Master II Minibus (Year of Construction 03.1998 - ...), RENAULT Trafic I Minibus (TX) (Year of Construction 03.1989 - 03.2001), RENAULT Megane I Grandtour (KA) (Year of Construction 03.1999 - 08.2003), RENAULT 19 I Convertible (Year of Construction 07.1991 - 04.1992), RENAULT Clio I Van (Year of Construction 01.1991 - 09.1998), RENAULT Trafic I Platform/Chassis (PX) (Year of Construction 03.1989 - 03.2001), RENAULT Scénic I (JA0/1, FA0) (Year of Construction 09.1999 - 10.2003), RENAULT Laguna II Hatchback (BG) (Year of Construction 03.2001 - 12.2007), RENAULT Laguna II Sport Tourer (KG) (Year of Construction 03.2001 - 12.2007), RENAULT Clio II Van (Year of Construction 09.1998 - ...), RENAULT Vel Satis Hatchback (Year of Construction 06.2002 - ...), RENAULT Espace IV (JK) (Year of Construction 11.2002 - ...), RENAULT Megane II Hatchback (BM, CM) (Year of Construction 07.2001 - 10.2012), RENAULT Grand Scénic II (JM) (Year of Construction 04.2004 - 06.2009), RENAULT Modus / Grand Modus (F, JP) (Year of Construction 09.2004 - ...), RENAULT Clio III Hatchback (BR0/1, CR0/1) (Year of Construction 01.2005 - 12.2014), RENAULT Laguna III Hatchback (BT) (Year of Construction 10.2007 - 12.2015), RENAULT Clio III Grandtour (Year of Construction 02.2008 - ...), RENAULT Logan I Saloon (Year of Construction 09.2004 - ...) | TOYOTA: TOYOTA Corolla VII Compact (E100) (Year of Construction 05.1992 - 11.1999), TOYOTA Corolla VI Saloon (E90) (Year of Construction 05.1987 - 09.1994), TOYOTA Corolla VII Liftback (E100) (Year of Construction 05.1992 - 04.1997), TOYOTA Corolla VII Estate (E100) (Year of Construction 05.1992 - 04.1997), TOYOTA Supra IV (A80) (Year of Construction 05.1993 - 07.2002), TOYOTA Camry III Estate (_V1_) (Year of Construction 06.1991 - 08.1997), TOYOTA Celica V Coupe (T180) (Year of Construction 09.1989 - 12.1994), TOYOTA Hiace Minibus (H50, H60, H70, H100) (Year of Construction 08.1987 - 12.2004), TOYOTA Celica VI Coupe (T200) (Year of Construction 09.1993 - 11.1999), TOYOTA Hiace Minibus (H100, H200) (Year of Construction 08.1995 - 12.2012), TOYOTA Paseo Coupe (EL54) (Year of Construction 08.1995 - 12.1999), TOYOTA Celica VI Convertible (T200) (Year of Construction 11.1993 - 08.1999), TOYOTA Hiace Van (H100) (Year of Construction 08.1987 - 07.2006), TOYOTA Avensis I Estate (T22) (Year of Construction 09.1997 - 02.2003), TOYOTA Previa / Estima I (XR10, XR20) (Year of Construction 05.1990 - 08.2000), TOYOTA Avensis I Liftback (T22) (Year of Construction 09.1997 - 02.2003), TOYOTA Paseo Convertible (EL54) (Year of Construction 10.1996 - 01.1998), TOYOTA Yaris I Hatchback (P1) (Year of Construction 01.1999 - 12.2005), TOYOTA Yaris Verso (P2) (Year of Construction 08.1999 - 09.2005), TOYOTA Celica VII Coupe (T230) (Year of Construction 08.1999 - 03.2006), TOYOTA Previa / Estima II (XR30) (Year of Construction 02.2000 - 01.2006), TOYOTA Corolla IX Hatchback (E120) (Year of Construction 01.2001 - 12.2007), TOYOTA Avensis II Saloon (T25) (Year of Construction 04.2003 - 11.2008), TOYOTA Avensis II Station Wagon (T25) (Year of Construction 04.2003 - 11.2008), TOYOTA 4Runner (N180) (Year of Construction 11.1995 - 11.2002), TOYOTA Avensis II Hatchback (T25) (Year of Construction 04.2003 - 11.2008), TOYOTA Corolla Verso (AR10) (Year of Construction 03.2004 - 04.2009) | VAUXHALL: VAUXHALL Astra Mk3 (F) Estate (T92) (Year of Construction 03.1991 - 02.1998), VAUXHALL Calibra (C89) (Year of Construction 06.1990 - 07.1997), VAUXHALL Corsa Mk1 (B) Hatchback (S93) (Year of Construction 12.1992 - 09.2000), VAUXHALL Omega (B) Saloon (V94) (Year of Construction 12.1993 - 07.2003), VAUXHALL Omega (B) Estate (V94) (Year of Construction 12.1993 - 06.2003), VAUXHALL Tigra Mk1 Coupe (S93) (Year of Construction 07.1994 - 12.2000), VAUXHALL Vectra Mk1 (B) Saloon (J96) (Year of Construction 08.1995 - 03.2002), VAUXHALL Vectra Mk1 (B) CC (J96) (Year of Construction 08.1995 - 07.2003), VAUXHALL Vectra Mk1 (B) Estate (J96) (Year of Construction 08.1995 - 03.2002), VAUXHALL Arena Van (Year of Construction 01.1997 - 08.2001), VAUXHALL Astra Mk4 (G) Estate (T98) (Year of Construction 02.1998 - 05.2005), VAUXHALL Zafira Mk1 (A) (T98) (Year of Construction 11.1998 - 08.2005), VAUXHALL Astravan Mk3 (F) (T92) (Year of Construction 01.1991 - 08.1998), VAUXHALL Astravan Mk4 (G) (T98) (Year of Construction 08.1998 - 08.2006), VAUXHALL Movano Mk1 (A) Van (X70) (Year of Construction 10.1998 - 12.2010), VAUXHALL Corsavan Mk1 (B) (Year of Construction 01.1994 - 09.2000), VAUXHALL Movano Mk1 (A) Combi (X70) (Year of Construction 10.1998 - 05.2010), VAUXHALL Movano Mk1 (A) Platform / Chassis (X70) (Year of Construction 10.1998 - 12.2010), VAUXHALL Corsa Mk2 (C) Hatchback (X01) (Year of Construction 08.2000 - 10.2006), VAUXHALL VX220 Convertible (E01) (Year of Construction 09.2000 - 07.2005), VAUXHALL Arena Minibus (Year of Construction 01.1997 - 08.2001), VAUXHALL Corsavan Mk2 (C) (X01) (Year of Construction 09.2000 - 06.2006), VAUXHALL Combo Mk2 (C) Box Body / Estate (F25) (Year of Construction 09.2001 - 02.2012), VAUXHALL Vectra Mk2 (C) Estate (Z02) (Year of Construction 10.2003 - 05.2009), VAUXHALL Astra Mk5 (H) TwinTop (A04) (Year of Construction 09.2005 - 11.2010), VAUXHALL Astra Mk5 (H) Sport Hatch (A04) (Year of Construction 02.2005 - 11.2010)"
12,https://www.autodoc.co.uk/magneti-marelli/7975666,W3W,12,3,"W2,1x9,5d",3821100000,MAGNETI MARELLI,8001063279299,New,AUDI: AUDI Q7 (4LB) (Year of Construction 03.2006 - 08.2015)
13,https://www.autodoc.co.uk/magneti-marelli/7975665,T5,12,"1,2","W2x4,6d",3721100000,MAGNETI MARELLI,8001063279275,New,"ALPINA: ALPINA B10 Touring (E34) (Year of Construction 11.1993 - 04.1996) | ISUZU: ISUZU Trooper II Off-Road (UB) (Year of Construction 08.1991 - 04.2000), ISUZU Trooper II Off-Road Cabrio (UB) (Year of Construction 08.1991 - 07.1998) | VOLVO: VOLVO 850 Estate (855) (Year of Construction 04.1992 - 10.1997), VOLVO V70 I (LV, 875, 876) (Year of Construction 12.1995 - 12.2000), VOLVO C70 I Coupe (872) (Year of Construction 03.1997 - 09.2002), VOLVO 850 Saloon (854) (Year of Construction 06.1991 - 10.1997)"
14,https://www.autodoc.co.uk/magneti-marelli/1823826,R5W,12,5,BA15s,4007100000,MAGNETI MARELLI,8001063279336,New,"AUDI: AUDI TT Coupe (8J3) (Year of Construction 08.2006 - 06.2014) | FIAT: FIAT Grande Punto Hatchback (199) (Year of Construction 10.2005 - ...), FIAT Linea (323, 110) (Year of Construction 06.2007 - ...) | MITSUBISHI: MITSUBISHI Colt VI (Z30) (Year of Construction 10.2002 - 12.2012) | PEUGEOT: PEUGEOT 307 Hatchback (3A/C) (Year of Construction 08.2000 - 12.2012), PEUGEOT 307 SW (3H) (Year of Construction 03.2002 - 12.2009), PEUGEOT 307 Estate (3E) (Year of Construction 03.2002 - 12.2009) | RENAULT: RENAULT Modus / Grand Modus (F, JP) (Year of Construction 09.2004 - ...)"
15,https://www.autodoc.co.uk/magneti-marelli/7483788,"B2,4W",12,2,,2051100000,MAGNETI MARELLI,8001063170510,New,
16,https://www.autodoc.co.uk/magneti-marelli/7104048,C5W,24,5,"SV8,5-8",9423100000,MAGNETI MARELLI,8001063279459,New,"MERCEDES-BENZ: MERCEDES-BENZ Citaro (O 530) (Year of Construction 01.1998 - ...), MERCEDES-BENZ O309 Minibus (Year of Construction 01.1968 - 02.1989), MERCEDES-BENZ T1/TN Box Body / Estate (Year of Construction 07.1981 - 06.1995), MERCEDES-BENZ T1/TN Platform/Chassis (Year of Construction 07.1981 - 06.1995), MERCEDES-BENZ Vario Minibus (Year of Construction 09.1996 - ...), MERCEDES-BENZ Vario Box Body / Estate (Year of Construction 09.1996 - ...), MERCEDES-BENZ Vario Dumptruck (Year of Construction 09.1996 - ...), MERCEDES-BENZ Vario Platform / Chassis (Year of Construction 09.1996 - ...), MERCEDES-BENZ Vario Cab with engine (Year of Construction 09.1996 - ...), MERCEDES-BENZ Intouro (O 560) (Year of Construction 01.2005 - ...) | DAF: DAF 85 (Year of Construction 07.1992 - 02.1998), DAF 95 (Year of Construction 09.1987 - 01.1998), DAF 65 (Year of Construction 03.1993 - 02.1998), DAF 95 XF (Year of Construction 01.1997 - ...), DAF 65 CF (Year of Construction 02.1998 - 12.2000), DAF XF 95 (Year of Construction 01.2002 - ...), DAF CF 75 (Year of Construction 01.2001 - 05.2013), DAF CF 85 (Year of Construction 01.2001 - 05.2013), DAF XF 105 (Year of Construction 10.2005 - ...) | IVECO: IVECO P/PA (Year of Construction 12.1979 - 12.1993), IVECO TurboStar (Year of Construction 07.1984 - 12.1993), IVECO TurboTech (Year of Construction 01.1990 - 12.1992), IVECO P/PA-Haubenfahrzeuge (Year of Construction 01.1983 - 12.1993) | MERCEDES-BENZ: MERCEDES-BENZ LK/LN2 (Year of Construction 01.1984 - 12.2011), MERCEDES-BENZ MK (Year of Construction 12.1987 - 12.2005), MERCEDES-BENZ ECONIC (Year of Construction 01.1998 - ...), MERCEDES-BENZ ACTROS MP2 / MP3 (Year of Construction 10.2002 - ...) | RENAULT-TRUCKS: RENAULT TRUCKS Maxity (Year of Construction 03.2007 - ...)"
17,https://www.autodoc.co.uk/magneti-marelli/7483816,P21W,12,21,BA15s,8506100000,MAGNETI MARELLI,8001063279374,New,"AUDI: AUDI A4 B6/B7 Convertible (8H7, 8HE) (Year of Construction 04.2002 - 03.2009), AUDI A3 Hatchback (8P1) (Year of Construction 05.2003 - 08.2012), AUDI A3 Sportback (8PA) (Year of Construction 09.2004 - 03.2013), AUDI A4 B7 Saloon (8EC) (Year of Construction 11.2004 - 06.2008), AUDI A4 B7 Avant (8ED) (Year of Construction 11.2004 - 06.2008), AUDI Q7 (4LB) (Year of Construction 03.2006 - 08.2015), AUDI TT Coupe (8J3) (Year of Construction 08.2006 - 06.2014), AUDI TT Roadster (8J9) (Year of Construction 03.2007 - 06.2014), AUDI A5 B8 Coupe (8T3) (Year of Construction 06.2007 - 01.2017), AUDI Q5 (8RB) (Year of Construction 11.2008 - 12.2017), AUDI A5 B8 Convertible (8F7) (Year of Construction 03.2009 - 01.2017), AUDI A5 B8 Sportback (8TA) (Year of Construction 09.2009 - 01.2017) | BMW: BMW 5 Saloon (E34) (Year of Construction 12.1987 - 11.1995), BMW 3 Saloon (E90) (Year of Construction 02.2004 - 12.2011), BMW 3 Touring (E91) (Year of Construction 12.2004 - 06.2012), BMW X5 (E70) (Year of Construction 02.2006 - 06.2013) | CITROEN: CITROËN Berlingo / Berlingo First I Van (M) (Year of Construction 07.1996 - 12.2011), CITROËN C6 Saloon (Year of Construction 09.2005 - 12.2012), CITROËN C4 I Picasso (UD) (Year of Construction 10.2006 - 10.2013) | FORD: FORD Fiesta Mk5 Hatchback (JH1, JD1, JH3, JD3) (Year of Construction 11.2001 - 03.2010), FORD Transit Mk6 Minibus (V347, V348) (Year of Construction 04.2006 - 12.2014), FORD Transit Mk6 Van (V347, V348) (Year of Construction 04.2006 - 12.2014), FORD Fiesta Mk5 Van (Year of Construction 10.2003 - 12.2010), FORD KA Hatchback (RU8) (Year of Construction 10.2008 - 05.2016) | MERCEDES-BENZ: MERCEDES-BENZ B-Class (W245) (Year of Construction 03.2005 - 11.2011), MERCEDES-BENZ C-Class Saloon (W204) (Year of Construction 01.2007 - 01.2014), MERCEDES-BENZ C-Class T-modell (S204) (Year of Construction 08.2007 - 08.2014), MERCEDES-BENZ CLC (CL203) (Year of Construction 05.2008 - 06.2011) | PEUGEOT: PEUGEOT Partner I Van (Year of Construction 04.1996 - 12.2015), PEUGEOT 107 Hatchback (PM, PN) (Year of Construction 06.2005 - 05.2014), PEUGEOT 308 I Hatchback (4A, 4C) (Year of Construction 09.2007 - 12.2016), PEUGEOT 308 I SW (4E, 4H) (Year of Construction 09.2007 - 10.2014) | RENAULT: RENAULT Megane II Hatchback (BM, CM) (Year of Construction 07.2001 - 10.2012), RENAULT Megane II Coupé-Cabriolet (EM) (Year of Construction 09.2003 - 03.2010), RENAULT Megane II Saloon (LM) (Year of Construction 09.2003 - ...), RENAULT Megane II Sport Tourer (KM) (Year of Construction 08.2003 - 08.2012), RENAULT Modus / Grand Modus (F, JP) (Year of Construction 09.2004 - ...), RENAULT Megane III Hatchback (BZ0/1) (Year of Construction 11.2008 - ...), RENAULT Megane III Coupe (DZ) (Year of Construction 11.2008 - ...), RENAULT Megane III Grandtour (KZ) (Year of Construction 11.2008 - ...), RENAULT Megane CC (EZ) (Year of Construction 06.2010 - ...) | SKODA: SKODA Octavia II Combi (1Z5) (Year of Construction 02.2004 - 06.2013), SKODA Superb II Hatchback (3T4) (Year of Construction 03.2008 - 05.2015)"
